Mouse ID,Worm ID,Category,Broken(Y/N),Length,Width,Half of Width,Volume(um^3),Volume(cm^3)or (ml),Mass Density (gm/ml),,,
402,1,10 Eggs,N,1261.291,16.37967,8.189835,265775.8243,2.65776E-07,2.92353E-07,,,
402,2,10 Eggs,N,1330.315,24.438,12.219,623987.2134,6.23987E-07,6.86386E-07,,,
402,3,10 Eggs,N,1501.557,24.707,12.3535,719899.2726,7.19899E-07,7.91889E-07,,,
402,4,10 Eggs,N,1761.925,21.41867,10.709335,634837.0992,6.34837E-07,6.98321E-07,,,
402,5,10 Eggs,N,1493.323,24.91333,12.456665,727959.4645,7.27959E-07,8.00755E-07,,,
402,6,10 Eggs,N,2442.179,19.251,9.6255,710843.4432,7.10843E-07,7.81928E-07,,,
402,7,10 Eggs,N,1632.372,18.192,9.096,424296.9528,4.24297E-07,4.66727E-07,,,
402,8,10 Eggs,N,1411.513,15.24367,7.621835,257604.7345,2.57605E-07,2.83365E-07,,,
402,9,10 Eggs,N,1816.779,17.7514,8.8757,449631.9907,4.49632E-07,4.94595E-07,,,
403,1,10 Eggs,N,1819.494,18.403,9.2015,483969.2418,4.83969E-07,5.32366E-07,,,
403,2,10 Eggs,N,1976.69,19.927,9.9635,616470.4845,6.1647E-07,6.78118E-07,,,
403,3,10 Eggs,N,2390.697,21.726,10.863,886286.1616,8.86286E-07,9.74915E-07,,,
403,4,10 Eggs,N,2305.187,24.304,12.152,1069428.013,1.06943E-06,1.17637E-06,,,
403,5,10 Eggs,N,1823.983,22.505,11.2525,725552.265,7.25552E-07,7.98107E-07,,,
403,6,10 Eggs,N,2185.9,24.253,12.1265,1009836.595,1.00984E-06,1.11082E-06,,,
403,7,10 Eggs,N,1512.133,21.266,10.633,537095.4729,5.37095E-07,5.90805E-07,,,
403,8,10 Eggs,N,1548.202,18.779,9.3895,428807.556,4.28808E-07,4.71688E-07,,,
403,9,10 Eggs,Y(Head),1340.997,18.224,9.112,349788.1569,3.49788E-07,3.84767E-07,,,
403,10,10 Eggs,Y(Head),711.038,13.072,6.536,95426.01128,9.5426E-08,1.04969E-07,,,
403,11,10 Eggs,Y(Tail),453.013,12.431,6.2155,54981.00566,5.4981E-08,6.04791E-08,,,
403,12,10 Eggs,Y(Tail),308.901,16.309,8.1545,64530.32629,6.45303E-08,7.09834E-08,,,
404,1,10 Eggs,N,2189.897,19.319,9.6595,641922.8793,6.41923E-07,7.06115E-07,,,
404,2,10 Eggs,N,2323.195,18.469,9.2345,622389.5731,6.2239E-07,6.84629E-07,,,
404,3,10 Eggs,N,1652.868,19.378,9.689,487467.8256,4.87468E-07,5.36215E-07,,,
404,4,10 Eggs,N,2069.131,23.142,11.571,870321.3698,8.70321E-07,9.57354E-07,,,
404,5,10 Eggs,N,2213.479,19.153,9.5765,637733.0209,6.37733E-07,7.01506E-07,,,
404,6,10 Eggs,N,1867.7,18.683,9.3415,512023.8935,5.12024E-07,5.63226E-07,,,
404,7,10 Eggs,N,2332.602,20.944,10.472,803618.2361,8.03618E-07,8.8398E-07,,,
404,8,10 Eggs,N,2013.625,19.158,9.579,580455.3438,5.80455E-07,6.38501E-07,,,
404,9,10 Eggs,N,2245.832,21.197,10.5985,792530.4305,7.9253E-07,8.71783E-07,,,
404,10,10 Eggs,N,2373.677,18.354,9.177,628019.2527,6.28019E-07,6.90821E-07,,,
404,11,10 Eggs,N,2146.062,21.043,10.5215,746358.4539,7.46358E-07,8.20994E-07,,,
404,12,10 Eggs,Y(Head),1539.998,16.887,8.4435,344917.3533,3.44917E-07,3.79409E-07,,,
404,13,10 Eggs,Y(Head),1969.952,19.294,9.647,575957.0173,5.75957E-07,6.33553E-07,,,
404,14,10 Eggs,Y(Head),2016.748,19.569,9.7845,606567.0052,6.06567E-07,6.67224E-07,,,
404,15,10 Eggs,Y(Tail),1241.661,15.035,7.5175,220444.7633,2.20445E-07,2.42489E-07,,,
404,16,10 Eggs,Y(Head),1949.246,19.956,9.978,609682.211,6.09682E-07,6.7065E-07,,,
405,1,10 Eggs,N,2418.631,19.172,9.586,698223.2995,6.98223E-07,7.68046E-07,,,
405,2,10 Eggs,Y(Head),1597.445,15.999,7.9995,321145.2276,3.21145E-07,3.5326E-07,,,
405,3,10 Eggs,N,1701.889,17.057,8.5285,388889.6739,3.8889E-07,4.27779E-07,,,
405,4,10 Eggs,N,1855.955,17.733,8.8665,458375.8745,4.58376E-07,5.04213E-07,,,
405,5,10 Eggs,Y(Tail),1337.567,19.128,9.564,384365.6362,3.84366E-07,4.22802E-07,,,
405,6,10 Eggs,N,1138.815,13.015,6.5075,151506.5487,1.51507E-07,1.66657E-07,,,
405,7,10 Eggs,N,2185.264,18.586,9.293,592878.441,5.92878E-07,6.52166E-07,,,
405,9,10 Eggs,N,1641.705,19.763,9.8815,503605.8236,5.03606E-07,5.53966E-07,,,
405,10,10 Eggs,Y(Tail),1025.078,16.588,8.294,221531.1733,2.21531E-07,2.43684E-07,,,
405,11,10 Eggs,N,1970.444,17.318,8.659,464140.4818,4.6414E-07,5.10555E-07,,,
405,12,10 Eggs,Y(Head),1757.094,17.754,8.877,434988.032,4.34988E-07,4.78487E-07,,,
405,13,10 Eggs,Y(Tail),2067.227,16.157,8.0785,423837.6178,4.23838E-07,4.66221E-07,,,
405,14,10 Eggs,N,2146.605,19.222,9.611,622929.881,6.2293E-07,6.85223E-07,,,
405,15,10 Eggs,N,1579.329,16.167,8.0835,324206.239,3.24206E-07,3.56627E-07,,,
405,16,10 Eggs,N,1174.644,15.187,7.5935,212784.5699,2.12785E-07,2.34063E-07,,,
405,17,10 Eggs,N,1919.553,17.106,8.553,441150.6511,4.41151E-07,4.85266E-07,,,
405,18,10 Eggs,N,1261.546,16.847,8.4235,281214.768,2.81215E-07,3.09336E-07,,,
407,1,10 Eggs,N,2471.819,19.488,9.744,737294.6617,7.37295E-07,8.11024E-07,,,
407,2,10 Eggs,N,2320.523,24.593,12.2965,1102297.388,1.1023E-06,1.21253E-06,,,
407,3,10 Eggs,N,2033.072,19.963,9.9815,636347.3708,6.36347E-07,6.99982E-07,,,
407,4,10 Eggs,Y(Head),1407.178,16.857,8.4285,314050.5018,3.14051E-07,3.45456E-07,,,
407,5,10 Eggs,Y(Head),1794.79,22.43,11.215,709189.1288,7.09189E-07,7.80108E-07,,,
407,6,10 Eggs,Y(Tail),1363.361,26.925,13.4625,776268.8725,7.76269E-07,8.53896E-07,,,
407,7,10 Eggs,N,2103.275,20.748,10.374,711112.6752,7.11113E-07,7.82224E-07,,,
407,8,10 Eggs,N,1540.323,17.137,8.5685,355280.4213,3.5528E-07,3.90808E-07,,,
407,9,10 Eggs,Y (Head),960.436,21.087,10.5435,335419.1915,3.35419E-07,3.68961E-07,,,
407,10,10 Eggs,Y(Head),995.149,16.504,8.252,212890.5688,2.12891E-07,2.3418E-07,,,
407,11,10 Eggs,Y(Head),700.355,19.036,9.518,199323.9602,1.99324E-07,2.19256E-07,,,
407,12,10 Eggs,Y (Head),845.992,12.658,6.329,106459.9653,1.0646E-07,1.17106E-07,,,
408,1,10 Eggs,N,2287.204,22.841,11.4205,937184.3136,9.37184E-07,1.0309E-06,,,
408,2,10 Eggs,N,1017.245,21.71,10.855,376560.7863,3.76561E-07,4.14217E-07,,,
408,3,10 Eggs,N,1518.911,12.403,6.2015,183516.7443,1.83517E-07,2.01868E-07,,,
408,4,10 Eggs,N,1919.621,21.142,10.571,673903.1877,6.73903E-07,7.41294E-07,,,
408,5,10 Eggs,N,1446.213,19.361,9.6805,425772.6027,4.25773E-07,4.6835E-07,,,
408,6,10 Eggs,N,2048.897,17.848,8.924,512612.4177,5.12612E-07,5.63874E-07,,,
408,7,10 Eggs,N,2086.623,20.084,10.042,661049.9807,6.6105E-07,7.27155E-07,,,
408,8,10 Eggs,N,1846.455,19.152,9.576,531932.9284,5.31933E-07,5.85126E-07,,,
409,1,10 Eggs,N,2011.313,17.588,8.794,488655.1227,4.88655E-07,5.37521E-07,,,
409,2,10 Eggs,N,2203.539,22.398,11.199,868218.6356,8.68219E-07,9.5504E-07,,,
409,3,10 Eggs,N,1744.341,17.465,8.7325,417886.6047,4.17887E-07,4.59675E-07,,,
409,4,10 Eggs,N,1927.925,18.74,9.37,531764.3145,5.31764E-07,5.84941E-07,,,
409,5,10 Eggs,N,2463.732,19.165,9.5825,710724.0193,7.10724E-07,7.81796E-07,,,
409,6,10 Eggs,N,2108.164,19.989,9.9945,661570.9247,6.61571E-07,7.27728E-07,,,
409,7,10 Eggs,N,1701.489,19.959,9.9795,532349.1727,5.32349E-07,5.85584E-07,,,
409,8,10 Eggs,N,2400.435,20.033,10.0165,756609.5416,7.5661E-07,8.3227E-07,,,
409,9,10 Eggs,N,1782.1,18.654,9.327,487041.4194,4.87041E-07,5.35746E-07,,,
409,10,10 Eggs,N,2608.74,24.544,12.272,1234273.382,1.23427E-06,1.3577E-06,,,
409,11,10 Eggs,N,1708.882,17.72,8.86,421433.8268,4.21434E-07,4.63577E-07,,,
413,1,10 Eggs,N,2247.309,25.849,12.9245,1179343.087,1.17934E-06,1.29728E-06,,,
413,2,10 Eggs,N,1612.702,20.839,10.4195,550044.4098,5.50044E-07,6.05049E-07,,,
413,3,10 Eggs,N,2169.146,21.241,10.6205,768649.9151,7.6865E-07,8.45515E-07,,,
413,4,10 Eggs,Y(Head+Tail),2110.119,22,11,802125.2562,8.02125E-07,8.82338E-07,,,
413,5,10 Eggs,N,1865.423,19.52,9.76,558247.5621,5.58248E-07,6.14072E-07,,,
413,6,10 Eggs,N,2200.912,23.9,11.95,987389.1749,9.87389E-07,1.08613E-06,,,
413,7,10 Eggs,N,1690.884,22.096,11.048,648382.1027,6.48382E-07,7.1322E-07,,,
413,8,10 Eggs,N,1754.554,20.667,10.3335,588588.1299,5.88588E-07,6.47447E-07,,,
413,9,10 Eggs,N,1962.195,21.93,10.965,741155.455,7.41155E-07,8.15271E-07,,,
413,10,10 Eggs,N,2347.879,20.803,10.4015,798026.9001,7.98027E-07,8.7783E-07,,,
414,1,10 Eggs,N,2526.429,16.19,8.095,520104.5782,5.20105E-07,5.72115E-07,,,
414,2,10 Eggs,N,1981.196,20.561,10.2805,657818.0561,6.57818E-07,7.236E-07,,,
414,3,10 Eggs,N,1856.274,18.841,9.4205,517535.1627,5.17535E-07,5.69289E-07,,,
414,4,10 Eggs,N,1836.366,16.464,8.232,390948.7595,3.90949E-07,4.30044E-07,,,
414,5,10 Eggs,N,2209.545,23.867,11.9335,988526.6874,9.88527E-07,1.08738E-06,,,
414,6,10 Eggs,N,2006.608,20.564,10.282,666450.0596,6.6645E-07,7.33095E-07,,,
414,7,10 Eggs,Y(Head),2830.141,20.951,10.4755,975680.1469,9.7568E-07,1.07325E-06,,,
414,8,10 Eggs,N,1775.844,17.614,8.807,432723.6958,4.32724E-07,4.75996E-07,,,
414,9,10 Eggs,N,2256.378,18.405,9.2025,600306.9641,6.00307E-07,6.60338E-07,,,
414,10,10 Eggs,N,2469.087,20.8633,10.43165,844096.8511,8.44097E-07,9.28507E-07,,,
414,11,10 Eggs,N,2286.532,17.532,8.766,551988.5752,5.51989E-07,6.07187E-07,,,
414,12,10 Eggs,N,2793.313,21.858,10.929,1048166.625,1.04817E-06,1.15298E-06,,,
414,13,10 Eggs,Y(Head),2578.595,18.667,9.3335,705703.1769,7.05703E-07,7.76273E-07,,,
415,1,10 Eggs,N,2443.949,18.823,9.4115,680079.5326,6.8008E-07,7.48087E-07,,,
415,2,10 Eggs,N,2601.052,20.502,10.251,858680.0529,8.5868E-07,9.44548E-07,,,
415,3,10 Eggs,N,1803.564,18.724,9.362,496613.7092,4.96614E-07,5.46275E-07,,,
415,4,10 Eggs,N,1644.453,20.686,10.343,552668.0869,5.52668E-07,6.07935E-07,,,
415,5,10 Eggs,N,1953.229,19.617,9.8085,590348.1808,5.90348E-07,6.49383E-07,,,
415,6,10 Eggs,N,2186.555,17.675,8.8375,536499.2661,5.36499E-07,5.90149E-07,,,
415,7,10 Eggs,N,2319.307,19.802,9.901,714276.2872,7.14276E-07,7.85704E-07,,,
415,8,10 Eggs,Y(Head+Tail),1630.042,14.603,7.3015,273006.4115,2.73006E-07,3.00307E-07,,,
415,9,10 Eggs,N,2270.238,17.95,8.975,574500.1891,5.745E-07,6.3195E-07,,,
415,10,10 Eggs,N,2501.666,20.155,10.0775,798150.5412,7.98151E-07,8.77966E-07,,,
415,11,10 Eggs,N,2107.334,19.687,9.8435,641478.8443,6.41479E-07,7.05627E-07,,,
415,12,10 Eggs,N,1723.754,16.368,8.184,362707.3874,3.62707E-07,3.98978E-07,,,
415,13,10 Eggs,N,2031.808,20.992,10.496,703202.1384,7.03202E-07,7.73522E-07,,,
5951,1,20 Eggs,N,1863.131,22.2366,11.1183,723552.4878,7.23552E-07,7.95908E-07,,,
5951,2,20 Eggs,N,1815.712,21.949,10.9745,687015.1627,6.87015E-07,7.55717E-07,,,
5951,3,20 Eggs,N,1751.834,24.034,12.017,794758.0692,7.94758E-07,8.74234E-07,,,
5951,4,20 Eggs,N,2179.606,21.823,10.9115,815261.2143,8.15261E-07,8.96787E-07,,,
5951,5,20 Eggs,N,1624.304,23.729,11.8645,718316.8728,7.18317E-07,7.90149E-07,,,
5951,6,20 Eggs,N,1756.767,17.521,8.7605,423566.7157,4.23567E-07,4.65923E-07,,,
5951,7,20 Eggs,N,2120.923,25.16,12.58,1054474.439,1.05447E-06,1.15992E-06,,,
5951,8,20 Eggs,N,1679.454,19.902,9.951,522458.0658,5.22458E-07,5.74704E-07,,,
5951,9,20 Eggs,N,1817.188,26.835,13.4175,1027762.91,1.02776E-06,1.13054E-06,,,
5951,10,20 Eggs,N,1925.774,22.376,11.188,757286.3121,7.57286E-07,8.33015E-07,,,
5951,11,20 Eggs,N,2017.884,23.572,11.786,880600.531,8.80601E-07,9.68661E-07,,,
5951,12,20 Eggs,N,1894.196,24.134,12.067,866509.6693,8.6651E-07,9.53161E-07,,,
5951,13,20 Eggs,N,1620.437,20.574,10.287,538715.5398,5.38716E-07,5.92587E-07,,,
5951,14,20 Eggs,N,1708.231,23.411,11.7055,735320.0537,7.3532E-07,8.08852E-07,,,
5951,15,20 Eggs,N,1758.464,20.112,10.056,558642.3857,5.58642E-07,6.14507E-07,,,
5951,16,20 Eggs,N,1496.923,21.362,10.681,536504.2469,5.36504E-07,5.90155E-07,,,
5951,17,20 Eggs,N,1658.795,20.886,10.443,568320.2703,5.6832E-07,6.25152E-07,,,
5951,18,20 Eggs,N,1611.032,22.116,11.058,618881.0869,6.18881E-07,6.80769E-07,,,
5951,19,20 Eggs,N,2128.54,22.518,11.259,847678.8099,8.47679E-07,9.32447E-07,,,
5951,20,20 Eggs,N,1256.684,16.28,8.14,261592.1867,2.61592E-07,2.87751E-07,,,
5951,21,20 Eggs,N,1788.616,21.215,10.6075,632256.1537,6.32256E-07,6.95482E-07,,,
5951,22,20 Eggs,N,2141.774,19.107,9.5535,614113.3391,6.14113E-07,6.75525E-07,,,
5952,1,20 Eggs,N,1734.277,22.03,11.015,661054.613,6.61055E-07,7.2716E-07,,,
5952,2,20 Eggs,N,1777.242,22.75,11.375,722435.7871,7.22436E-07,7.94679E-07,,,
5952,3,20 Eggs,N,1870.034,19.014,9.507,530990.0257,5.3099E-07,5.84089E-07,,,
5952,4,20 Eggs,N,1504.694,20.691,10.3455,505942.3481,5.05942E-07,5.56537E-07,,,
5952,5,20 Eggs,N,1851.106,18.527,9.2635,499035.4215,4.99035E-07,5.48939E-07,,,
5952,6,20 Eggs,N,1852.819,19.36175,9.680875,545521.7785,5.45522E-07,6.00074E-07,,,
5952,7,20 Eggs,N,2116.937,22.548,11.274,845305.8358,8.45306E-07,9.29836E-07,,,
5952,8,20 Eggs,N,1854.107,24.22825,12.114125,854808.373,8.54808E-07,9.40289E-07,,,
5952,9,20 Eggs,N,1918.643,18.427,9.2135,511673.973,5.11674E-07,5.62841E-07,,,
5952,10,20 Eggs,N,2695.349,18.973,9.4865,762038.4788,7.62038E-07,8.38242E-07,,,
5952,11,20 Eggs,N,1985.613,21.393,10.6965,713720.0073,7.1372E-07,7.85092E-07,,,
5952,12,20 Eggs,N,1642.201,21.183,10.5915,578750.1626,5.7875E-07,6.36625E-07,,,
5952,13,20 Eggs,N,1054.877,26.171,13.0855,567456.1923,5.67456E-07,6.24202E-07,,,
5952,14,20 Eggs,N,2047.188,20.453,10.2265,672607.4064,6.72607E-07,7.39868E-07,,,
5952,15,20 Eggs,N,1919.707,22.117,11.0585,737525.8822,7.37526E-07,8.11278E-07,,,
5952,16,20 Eggs,N,2826.744,22.893,11.4465,1163541.23,1.16354E-06,1.2799E-06,,,
5952,17,20 Eggs,N,1979.423,19.447,9.7235,587940.9666,5.87941E-07,6.46735E-07,,,
5952,18,20 Eggs,N,1658.863,22.0085,11.00425,631075.4563,6.31075E-07,6.94183E-07,,,
5952,19,20 Eggs,N,2731.089,19.621,9.8105,825786.9397,8.25787E-07,9.08366E-07,,,
5952,20,20 Eggs,N,1631.445,20.475,10.2375,537168.0079,5.37168E-07,5.90885E-07,,,
5952,21,20 Eggs,N,2008.423,23.227,11.6135,851003.4239,8.51003E-07,9.36104E-07,,,
5952,22,20 Eggs,N,1978.704,18.54,9.27,534183.1352,5.34183E-07,5.87601E-07,,,
5952,22,20 Eggs,N,1978.704,18.54,9.27,534183.1352,5.34183E-07,5.87601E-07,,,
5953,1,20 Eggs,N,2050.374,18.7865,9.39325,568348.5039,5.68349E-07,6.25183E-07,,,
5953,2,20 Eggs,N,2145.248,19.721,9.8605,655277.4959,6.55277E-07,7.20805E-07,,,
5953,3,20 Eggs,N,1928.677,16.0955,8.04775,392426.5006,3.92427E-07,4.31669E-07,,,
5953,4,20 Eggs,N,1878.44,22.407,11.2035,740720.9658,7.40721E-07,8.14793E-07,,,
5953,5,20 Eggs,N,2403.087,20.927,10.4635,826557.9817,8.26558E-07,9.09214E-07,,,
5953,6,20 Eggs,N,2300.485,20.763,10.3815,778913.9737,7.78914E-07,8.56805E-07,,,
5953,7,20 Eggs,N,1512.971,20.963,10.4815,522188.5607,5.22189E-07,5.74407E-07,,,
5953,8,20 Eggs,N,2259.608,24.203,12.1015,1039588.308,1.03959E-06,1.14355E-06,,,
5953,9,20 Eggs,N,2354.968,17.959,8.9795,596539.4816,5.96539E-07,6.56193E-07,,,
5953,10,20 Eggs,N,2091.153,18.7005,9.35025,574357.2768,5.74357E-07,6.31793E-07,,,
5953,11,20 Eggs,N,2090.326,19.115,9.5575,599863.5986,5.99864E-07,6.5985E-07,,,
5953,12,20 Eggs,N,2093.148,21.594,10.797,766577.402,7.66577E-07,8.43235E-07,,,
5954,1,20 Eggs,N,970,16.771,8.3855,214278.9618,2.14279E-07,2.35707E-07,,,
5954,2,20 Eggs,N,817.837,14.664,7.332,138121.5807,1.38122E-07,1.51934E-07,,,
5954,3,20 Eggs,N,840.786,13.512,6.756,120563.161,1.20563E-07,1.32619E-07,,,
5954,4,20 Eggs,N,1604.358,20.176,10.088,512933.7834,5.12934E-07,5.64227E-07,,,
5954,5,20 Eggs,N,1183.163,17.237,8.6185,276094.544,2.76095E-07,3.03704E-07,,,
5954,6,20 Eggs,N,863.603,21.428,10.714,311434.9145,3.11435E-07,3.42578E-07,,,
5954,7,20 Eggs,N,1091.308,16.541,8.2705,234509.6635,2.3451E-07,2.57961E-07,,,
5954,8,20 Eggs,N,732.136,15.5,7.75,138148.1393,1.38148E-07,1.51963E-07,,,
5954,9,20 Eggs,N,711.445,20.67,10.335,238732.8409,2.38733E-07,2.62606E-07,,,
5955,1,20 Eggs,N,2096.169,17.698,8.849,515661.321,5.15661E-07,5.67227E-07,,,
5955,2,20 Eggs,N,1712.802,19.25,9.625,498492.3644,4.98492E-07,5.48342E-07,,,
5955,3,20 Eggs,N,2187.477,22.506,11.253,870221.8945,8.70222E-07,9.57244E-07,,,
5955,4,20 Eggs,Y(Head),854.073,19.357,9.6785,251339.6316,2.5134E-07,2.76474E-07,,,
5955,5,20 Eggs,Y(Tail),742.79,24.152,12.076,340300.1415,3.403E-07,3.7433E-07,,,
5955,6,20 Eggs,N,1505.547,20.757,10.3785,509463.846,5.09464E-07,5.6041E-07,,,
5955,7,20 Eggs,N,1904.933,18.987,9.4935,539364.4117,5.39364E-07,5.93301E-07,,,
5955,8,20 Eggs,N,1628.001,21.732,10.866,603870.6769,6.03871E-07,6.64258E-07,,,
5955,9,20 Eggs,N,2133.868,17.995,8.9975,542701.6401,5.42702E-07,5.96972E-07,,,
5956,1,20 Eggs,N,2219.065,25.203,12.6015,1107042.729,1.10704E-06,1.21775E-06,,,
5956,2,20 Eggs,N,1748.877,24.887,12.4435,850734.8879,8.50735E-07,9.35808E-07,,,
5956,3,20 Eggs,N,2153.032,25.173,12.5865,1071544.762,1.07154E-06,1.1787E-06,,,
5956,4,20 Eggs,N,1645.378,23.972,11.986,742615.664,7.42616E-07,8.16877E-07,,,
5956,5,20 Eggs,N,2162.457,25.708,12.854,1122467.937,1.12247E-06,1.23471E-06,,,
5956,6,20 Eggs,N,2703.569,24.41,12.205,1265210.823,1.26521E-06,1.39173E-06,,,
5956,7,20 Eggs,N,2257.321,24.48,12.24,1062443.956,1.06244E-06,1.16869E-06,,,
5956,8,20 Eggs,N,2228.026,25.131,12.5655,1105171.498,1.10517E-06,1.21569E-06,,,
5956,9,20 Eggs,N,1923.582,24.105,12.0525,877838.9718,8.77839E-07,9.65623E-07,,,
5956,10,20 Eggs,Y(Tail),1434.996,25.52,12.76,734009.8906,7.3401E-07,8.07411E-07,,,
5956,11,20 Eggs,N,2019.241,25.398,12.699,1023003.395,1.023E-06,1.1253E-06,,,
5956,12,20 Eggs,Y(Head),1127.815,19.125,9.5625,323989.2761,3.23989E-07,3.56388E-07,,,
5956,13,20 Eggs,Y(Head),1198.517,17.724,8.862,295704.2474,2.95704E-07,3.25275E-07,,,
5956,14,20 Eggs,N,2119.094,24.959,12.4795,1036798.751,1.0368E-06,1.14048E-06,,,
5956,15,20 Eggs,N,1706.676,21.654,10.827,628517.2875,6.28517E-07,6.91369E-07,,,
5956,16,20 Eggs,N,2331.062,25.427,12.7135,1183679.026,1.18368E-06,1.30205E-06,,,
5956,17,20 Eggs,N,1673.874,25.427,12.7135,849968.6176,8.49969E-07,9.34965E-07,,,
5956,18,20 Eggs,N,1714.677,21.202,10.601,605376.9265,6.05377E-07,6.65915E-07,,,
5958,1,20 Eggs,N,2015.112,25.828,12.914,1055773.182,1.05577E-06,1.16135E-06,,,
5958,2,20 Eggs,N,1154.369,24.059,12.0295,524794.991,5.24795E-07,5.77274E-07,,,
5958,3,20 Eggs,N,2444.921,27.777,13.8885,1481580.966,1.48158E-06,1.62974E-06,,,
5958,4,20 Eggs,N,2168.925,25.004,12.502,1065009.291,1.06501E-06,1.17151E-06,,,
5958,5,20 Eggs,N,1954.351,22.525,11.2625,778793.012,7.78793E-07,8.56672E-07,,,
5958,6,20 Eggs,N,1510.452,23.947,11.9735,680297.7559,6.80298E-07,7.48328E-07,,,
5958,7,20 Eggs,N,1861.314,26.007,13.0035,988758.0689,9.88758E-07,1.08763E-06,,,
5958,8,20 Eggs,N,1906.716,25.785,12.8925,995657.9454,9.95658E-07,1.09522E-06,,,
5958,9,20 Eggs,N,1220.433,22.281,11.1405,475853.4046,4.75853E-07,5.23439E-07,,,
5958,10,20 Eggs,N,680.501,14.421,7.2105,111149.9836,1.1115E-07,1.22265E-07,,,
5959,1,20 Eggs,N,2028.977,21.964,10.982,768758.4022,7.68758E-07,8.45634E-07,,,
5959,2,20 Eggs,N,1699.963,20.689,10.3445,571489.6238,5.7149E-07,6.28639E-07,,,
5959,3,20 Eggs,N,1435.463,21.015,10.5075,497898.3337,4.97898E-07,5.47688E-07,,,
5959,4,20 Eggs,N,1462.066,23.304,11.652,623616.7943,6.23617E-07,6.85978E-07,,,
5959,5,20 Eggs,N,2023.146,22.507,11.2535,804919.2761,8.04919E-07,8.85411E-07,,,
5959,6,20 Eggs,N,1759.51,25.277,12.6385,882943.0201,8.82943E-07,9.71237E-07,,,
5959,7,20 Eggs,N,1735.448,20.253,10.1265,559088.053,5.59088E-07,6.14997E-07,,,
5959,8,20 Eggs,N,1710.881,24.949,12.4745,836403.7489,8.36404E-07,9.20044E-07,,,
5959,9,20 Eggs,N,1742.374,25.031,12.5155,857408.2612,8.57408E-07,9.43149E-07,,,
5959,10,20 Eggs,N,1596.392,24.294,12.147,739992.7732,7.39993E-07,8.13992E-07,,,
5959,11,20 Eggs,N,1736.148,24.977,12.4885,850662.2754,8.50662E-07,9.35729E-07,,,
5959,12,20 Eggs,Y(Tail),1040.791,26.551,13.2755,576255.6213,5.76256E-07,6.33881E-07,,,
5959,13,20 Eggs,N,1830.93,26.308,13.154,995261.6925,9.95262E-07,1.09479E-06,,,
5959,14,20 Eggs,N,2187.198,28.818,14.409,1426611.286,1.42661E-06,1.56927E-06,,,
5959,15,20 Eggs,N,934.824,19.323,9.6615,274137.7492,2.74138E-07,3.01552E-07,,,
5959,16,20 Eggs,N,1748.951,21.431,10.7155,630888.1877,6.30888E-07,6.93977E-07,,,
5959,17,20 Eggs,N,2132.972,28.284,14.142,1340160.128,1.34016E-06,1.47418E-06,,,
5959,18,20 Eggs,N,1694.333,25.096,12.548,838103.5154,8.38104E-07,9.21914E-07,,,
5959,19,20 Eggs,N,1893.655,23.599,11.7995,828281.4609,8.28281E-07,9.1111E-07,,,
5959,20,20 Eggs,N,1645.773,25.633,12.8165,849295.2391,8.49295E-07,9.34225E-07,,,
5959,21,20 Eggs,Y(Tail),844.566,22.4,11.2,332827.7369,3.32828E-07,3.66111E-07,,,
5960,1,20 Eggs,N,1971.497,26.984,13.492,1127453.55,1.12745E-06,1.2402E-06,,,
5960,2,20 Eggs,N,1777.659,28.247,14.1235,1113994.373,1.11399E-06,1.22539E-06,,,
5960,3,20 Eggs,N,2050.711,22.991,11.4955,851353.7733,8.51354E-07,9.36489E-07,,,
5960,4,20 Eggs,N,2328.551,23.766,11.883,1032970.268,1.03297E-06,1.13627E-06,,,
5960,5,20 Eggs,N,1998.31,22.657,11.3285,805670.6676,8.05671E-07,8.86238E-07,,,
5960,6,20 Eggs,N,1581.087,22.743,11.3715,642304.7769,6.42305E-07,7.06535E-07,,,
5960,7,20 Eggs,N,2469.682,24.211,12.1055,1136989.288,1.13699E-06,1.25069E-06,,,
5960,8,20 Eggs,N,2347.432,25.954,12.977,1241913.942,1.24191E-06,1.36611E-06,,,
5960,9,20 Eggs,N,2223.01,27.419,13.7095,1312606.41,1.31261E-06,1.44387E-06,,,
5960,10,20 Eggs,N,1711.673,24.257,12.1285,791015.2529,7.91015E-07,8.70117E-07,,,
5960,11,20 Eggs,N,1696.017,27.072,13.536,976249.3667,9.76249E-07,1.07387E-06,,,
5960,12,20 Eggs,N,2008.144,26.41,13.205,1100073.076,1.10007E-06,1.21008E-06,,,
5960,13,20 Eggs,N,2385.624,25.192,12.596,1189096.695,1.1891E-06,1.30801E-06,,,
5960,14,20 Eggs,N,1760.692,23.923,11.9615,791415.502,7.91416E-07,8.70557E-07,,,
5960,15,20 Eggs,Y(Tail),1351.101,22.663,11.3315,545020.069,5.4502E-07,5.99522E-07,,,
5960,16,20 Eggs,N,2096.101,21.359,10.6795,751041.4701,7.51041E-07,8.26146E-07,,,
5960,17,20 Eggs,N,2103.076,25.773,12.8865,1097172.203,1.09717E-06,1.20689E-06,,,
5960,18,20 Eggs,N,1925.805,25.08,12.54,951387.0938,9.51387E-07,1.04653E-06,,,
5960,19,20 Eggs,N,1813.911,23.378,11.689,778611.0527,7.78611E-07,8.56472E-07,,,
5960,20,20 Eggs,N,2099.019,28.011,14.0055,1293491.199,1.29349E-06,1.42284E-06,,,
5960,21,20 Eggs,N,2293.655,26.917,13.4585,1305182.627,1.30518E-06,1.4357E-06,,,
5960,22,20 Eggs,Y(Head),1424.335,23.841,11.9205,635844.5646,6.35845E-07,6.99429E-07,,,
5960,23,20 Eggs,N,2576.886,24.197,12.0985,1184972.131,1.18497E-06,1.30347E-06,,,
5960,24,20 Eggs,N,2365.277,24.758,12.379,1138683.447,1.13868E-06,1.25255E-06,,,
5960,25,20 Eggs,N,2026.631,23.143,11.5715,852518.6205,8.52519E-07,9.3777E-07,,,
5960,26,20 Eggs,N,1790.644,25.138,12.569,888711.0437,8.88711E-07,9.77582E-07,,,
5957,0,20 Eggs,N,,,,,,,Tumor,,
365,1,200 Eggs,N,568.529,18.334,9.167,150091.7972,1.50092E-07,1.65101E-07,,,
365,2,200 Eggs,N,324.102,10.817,5.4085,29784.15284,2.97842E-08,3.27626E-08,,,
366,1,200 Eggs,N,548.516,14.294,7.147,88021.08897,8.80211E-08,9.68232E-08,,,
366,2,200 Eggs,N,469.1,19.044,9.522,133620.0592,1.3362E-07,1.46982E-07,,,
366,3,200 Eggs,N,624.57,15.946,7.973,124731.0335,1.24731E-07,1.37204E-07,,,
366,4,200 Eggs,N,583.91,14.496,7.248,96367.84672,9.63678E-08,1.06005E-07,,,
366,5,200 Eggs,N,450.759,17.864,8.932,112977.4344,1.12977E-07,1.24275E-07,,,
369,1,200 Eggs,N,831.564,13.35,6.675,116398.6899,1.16399E-07,1.28039E-07,,,
370,1,200 Eggs,N,965.631,14.738,7.369,164732.0812,1.64732E-07,1.81205E-07,,,
370,2,200 Eggs,N,755.294,13.728,6.864,111794.5049,1.11795E-07,1.22974E-07,,,
363,1,200 Eggs,N,1287.252,19.159,9.5795,371106.9873,3.71107E-07,4.08218E-07,,,
363,2,200 Eggs,N,1766.1,24.635,12.3175,841802.6821,8.41803E-07,9.25983E-07,,,
363,3,200 Eggs,N,1229.375,19.153,9.5765,354199.4447,3.54199E-07,3.89619E-07,,,
363,4,200 Eggs,N,1068.305,17.732,8.866,263815.6698,2.63816E-07,2.90197E-07,,,
363,5,200 Eggs,N,1319.403,17.156,8.578,304999.7081,3.05E-07,3.355E-07,,,
363,6,200 Eggs,N,1112.488,17.078,8.539,254835.0936,2.54835E-07,2.80319E-07,"63 worms in this animal, only 6 of which were measured",,
364,0,200 Eggs,NA,0,0,0,0,0,0,,,
367,0,200 Eggs,NA,0,0,0,0,0,0,,,
368,0,200 Eggs,NA,0,0,0,0,0,0,,,
371,0,200 Eggs,NA,0,0,0,0,0,0,,,
372,0,200 Eggs,NA,0,0,0,0,0,0,,,